OBJECTID,count,sex_class,height,latitude,longitude,location_route,start_date,perch_nest_sub,flight_behaviours,perched_behaviours,distance_m,prefered_name,Raptor Group,Temperature,Cloud,Wind,survey_ID,transect_ID,transect_repeat,season
1221787,1,undetermined,20 - 50 m (pylons / tall tree height),-35.57145091,138.4960211,Victor Harbour,"12/6/2022, 8:30 AM",unspecified,soaring,unspecified,470,Wedge-tailed Eagle,eagles,Cool,Light Cloud,Breeze,1,VH_1,1,1
1221785,2,undetermined,20 - 50 m (pylons / tall tree height),-35.43321172,138.578034,Victor Harbour,"12/6/2022, 9:33 AM",unspecified,soaring,unspecified,677,Wedge-tailed Eagle,eagles,Cool,Overcast,Wind,2,VH_2,1,1
1221786,2,undetermined,20 - 50 m (pylons / tall tree height),-35.51399056,138.6027006,Victor Harbour,"12/6/2022, 9:10 AM",unspecified,soaring,unspecified,385,Wedge-tailed Eagle,eagles,Cool,Overcast,Wind,2,VH_2,1,1
1221782,1,undetermined,1 - 20 m (poles / low tree height),-35.36657354,138.9847852,Strathalbyn,"12/7/2022, 9:37 AM",unspecified,unspecified,unspecified,179,Swamp Harrier,harriers,Cool,Overcast,Breeze,5,S_3,1,1
1221783,1,undetermined,50 - 150 m (at risk colliding with turbines),-35.31354269,138.9346032,Strathalbyn,"12/7/2022, 9:20 AM",unspecified,soaring,unspecified,1651,Wedge-tailed Eagle,eagles,Cool,Overcast,Breeze,5,S_3,1,1
1221784,1,undetermined,20 - 50 m (pylons / tall tree height),-35.29427331,138.9040727,Strathalbyn,"12/7/2022, 9:14 AM",unspecified,gliding and flapping (directional flight),unspecified,345,Wedge-tailed Eagle,eagles,Cool,Overcast,Breeze,5,S_3,1,1
1221779,2,undetermined,1 - 20 m (poles / low tree height),-35.19839974,138.8965826,Strathalbyn,"12/7/2022, 11:06 AM",unspecified,hovering,unspecified,392,Nankeen Kestrel,kesrels,Cool,Light Cloud,Wind,6,S_2,1,1
1221780,1,undetermined,1 - 20 m (poles / low tree height),-35.19912764,138.8941345,Strathalbyn,"12/7/2022, 11:04 AM",unspecified,hovering,unspecified,182,Black-shouldered Kite,kites&others,Cool,Light Cloud,Wind,6,S_2,1,1
1221781,1,undetermined,20 - 50 m (pylons / tall tree height),-35.22283951,138.8939267,Strathalbyn,"12/7/2022, 10:59 AM",large tree,unspecified,just perching,37,Brown Falcon,falcons,Cool,Light Cloud,Wind,6,S_2,1,1
1221778,1,undetermined,1 - 20 m (poles / low tree height),-35.1894756,138.5000523,South Adelaide,"12/8/2022, 12:27 PM",overhead lines,unspecified,unspecified,118,Nankeen Kestrel,kesrels,Cool,Light Cloud,Breeze,9,SA_3,1,1
1221775,1,undetermined,1 - 20 m (poles / low tree height),-34.72131994,138.6015884,North Adelaide,"12/9/2022, 12:58 PM",misc. natural,unspecified,unspecified,15,Nankeen Kestrel,kesrels,Warm,Light Cloud,Breeze,12,NA_3,1,1
1221776,1,undetermined,1 - 20 m (poles / low tree height),-34.72334064,138.6005362,North Adelaide,"12/9/2022, 12:53 PM",unspecified,soaring,unspecified,85,Peregrine Falcon ,falcons,Warm,Light Cloud,Breeze,12,NA_3,1,1
1221777,1,undetermined,1 - 20 m (poles / low tree height),-34.78599131,138.6047271,North Adelaide,"12/9/2022, 12:34 PM",unspecified,flapping,unspecified,25,Nankeen Kestrel,kesrels,Warm,Light Cloud,Breeze,12,NA_3,1,1
1221773,1,undetermined,1 - 20 m (poles / low tree height),-34.33849005,138.9955404,Nuriootpa,"12/12/2022, 11:24 AM",unspecified,hovering,unspecified,137,Nankeen Kestrel,kesrels,Cool,Light Cloud,Wind,14,N_3,1,1
1221774,1,undetermined,1 - 20 m (poles / low tree height),-34.41698673,138.9697419,Nuriootpa,"12/12/2022, 10:57 AM",overhead lines,unspecified,just perching,40,Nankeen Kestrel,kesrels,Cool,Light Cloud,Wind,14,N_3,1,1
1221771,1,undetermined,1 - 20 m (poles / low tree height),-34.46644598,139.1016185,Nuriootpa,"12/12/2022, 12:47 PM",unspecified,flapping,unspecified,49,Nankeen Kestrel,kesrels,Cool,Light Cloud,Wind,15,N_2,1,1
1221772,1,undetermined,50 - 150 m (at risk colliding with turbines),-34.46783744,139.0442647,Nuriootpa,"12/12/2022, 12:34 PM",unspecified,soaring,unspecified,324,Peregrine Falcon ,falcons,Cool,Light Cloud,Wind,15,N_2,1,1
1221769,1,undetermined,1 - 20 m (poles / low tree height),-33.87797999,138.6411225,Clare,"12/13/2022, 10:39 AM",unspecified,hovering,unspecified,118,Nankeen Kestrel,kesrels,Cold,Overcast,Wind,17,C_2,1,1
1221770,1,undetermined,1 - 20 m (poles / low tree height),-33.87786535,138.6413339,Clare,"12/13/2022, 10:38 AM",overhead lines,unspecified,just perching,97,Nankeen Kestrel,kesrels,Cold,Overcast,Wind,17,C_2,1,1
1221768,1,undetermined,1 - 20 m (poles / low tree height),-33.80719845,138.6241841,Clare,"12/13/2022, 11:56 AM",unspecified,hovering,unspecified,41,Nankeen Kestrel,kesrels,Cold,Overcast,Wind,18,C_1,1,1
1221765,1,undetermined,1 - 20 m (poles / low tree height),-32.59888057,137.7592296,Port Augusta,"12/14/2022, 9:50 AM",unspecified,hovering,unspecified,171,Nankeen Kestrel,kesrels,Cool,Overcast,Breeze,19,PA_1,1,1
1221766,2,undetermined,20 - 50 m (pylons / tall tree height),-32.55210485,137.7481786,Port Augusta,"12/14/2022, 9:37 AM",transmission tower,unspecified,just perching,129,Nankeen Kestrel,kesrels,Cool,Overcast,Breeze,19,PA_1,1,1
1221767,1,undetermined,20 - 50 m (pylons / tall tree height),-32.48958006,137.7488093,Port Augusta,"12/14/2022, 9:21 AM",unspecified,soaring,unspecified,85,Little Eagle,eagles,Cool,Overcast,Breeze,19,PA_1,1,1
1221759,1,undetermined,20 - 50 m (pylons / tall tree height),-32.39374933,137.8535605,Port Augusta,"12/14/2022, 11:11 AM",unspecified,hovering,unspecified,150,Nankeen Kestrel,kesrels,Cool,Overcast,Wind,20,PA_2,1,1
1221760,1,undetermined,50 - 150 m (at risk colliding with turbines),-32.38901973,137.8469517,Port Augusta,"12/14/2022, 11:09 AM",unspecified,thermal soaring,unspecified,999,Wedge-tailed Eagle,eagles,Cool,Overcast,Wind,20,PA_2,1,1
1221761,1,undetermined,1 - 20 m (poles / low tree height),-32.42655317,137.8487886,Port Augusta,"12/14/2022, 10:57 AM",unspecified,flapping,unspecified,17,Nankeen Kestrel,kesrels,Cool,Overcast,Wind,20,PA_2,1,1
1221762,2,undetermined,50 - 150 m (at risk colliding with turbines),-32.4898495,137.8321979,Port Augusta,"12/14/2022, 10:40 AM",unspecified,thermal soaring,unspecified,1711,Wedge-tailed Eagle,eagles,Cool,Overcast,Wind,20,PA_2,1,1
1221763,1,undetermined,1 - 20 m (poles / low tree height),-32.48328694,137.8141038,Port Augusta,"12/14/2022, 10:34 AM",unspecified,hovering,unspecified,223,Nankeen Kestrel,kesrels,Cool,Overcast,Wind,20,PA_2,1,1
1221764,1,male,1 - 20 m (poles / low tree height),-32.48236106,137.8021548,Port Augusta,"12/14/2022, 10:30 AM",building,unspecified,just perching,64,Nankeen Kestrel,kesrels,Cool,Overcast,Wind,20,PA_2,1,1
1221757,1,undetermined,20 - 50 m (pylons / tall tree height),-32.40405531,137.7263372,Port Augusta,"12/14/2022, 12:46 PM",unspecified,gliding and flapping (directional flight),unspecified,831,Nankeen Kestrel,kesrels,Warm,Light Cloud,Wind,21,PA_3,1,1
1221758,1,undetermined,20 - 50 m (pylons / tall tree height),-32.40638449,137.7384829,Port Augusta,"12/14/2022, 12:44 PM",unspecified,gliding and flapping (directional flight),unspecified,340,Nankeen Kestrel,kesrels,Warm,Light Cloud,Wind,21,PA_3,1,1
1221750,1,undetermined,1 - 20 m (poles / low tree height),-34.46385755,136.0013833,Tumby Bay,"12/15/2022, 10:16 AM",small tree,unspecified,just perching,12,Brown Falcon,falcons,Cold,Overcast,Wind,22,T_3,1,1
1221751,1,undetermined,1 - 20 m (poles / low tree height),-34.46640769,136.0419112,Tumby Bay,"12/15/2022, 10:02 AM",unspecified,hovering,unspecified,1774,Nankeen Kestrel,kesrels,Cold,Overcast,Wind,22,T_3,1,1
1221752,1,undetermined,1 - 20 m (poles / low tree height),-34.45109284,136.0473357,Tumby Bay,"12/15/2022, 10:00 AM",small tree,unspecified,just perching,5,Nankeen Kestrel,kesrels,Cold,Overcast,Wind,22,T_3,1,1
1221753,1,undetermined,1 - 20 m (poles / low tree height),-34.44692619,136.0518191,Tumby Bay,"12/15/2022, 9:58 AM",unspecified,gliding and flapping (directional flight),unspecified,459,Peregrine Falcon ,falcons,Cold,Overcast,Wind,22,T_3,1,1
1221754,1,undetermined,0 m ground level,-34.44843083,136.0530129,Tumby Bay,"12/15/2022, 9:57 AM",unspecified,quartering,unspecified,299,Swamp Harrier,harriers,Cold,Overcast,Wind,22,T_3,1,1
1221755,1,undetermined,1 - 20 m (poles / low tree height),-34.43241843,136.0858775,Tumby Bay,"12/15/2022, 9:40 AM",small tree,unspecified,just perching,68,Brown Falcon,falcons,Cold,Overcast,Wind,22,T_3,1,1
1221756,1,undetermined,1 - 20 m (poles / low tree height),-34.4320634,136.0842255,Tumby Bay,"12/15/2022, 9:38 AM",small tree,unspecified,just perching,227,Black-shouldered Kite,kites&others,Cold,Overcast,Wind,22,T_3,1,1
1221748,1,undetermined,1 - 20 m (poles / low tree height),-34.34951978,136.0333177,Tumby Bay,"12/15/2022, 11:19 AM",unspecified,hovering,unspecified,203,Nankeen Kestrel,kesrels,Cold,Overcast,Wind,23,T_2,1,1
1221749,1,female,1 - 20 m (poles / low tree height),-34.35951662,136.0784744,Tumby Bay,"12/15/2022, 11:09 AM",overhead lines,unspecified,just perching,86,Nankeen Kestrel,kesrels,Cold,Overcast,Wind,23,T_2,1,1
1221743,1,undetermined,1 - 20 m (poles / low tree height),-34.30517802,136.1900596,Tumby Bay,"12/15/2022, 12:42 PM",fence post,unspecified,just perching,82,Brown Falcon,falcons,Cool,Overcast,Wind,24,T_1,1,1
1221744,1,undetermined,1 - 20 m (poles / low tree height),-34.3203336,136.1579995,Tumby Bay,"12/15/2022, 12:32 PM",unspecified,quartering,unspecified,341,Spotted Harrier,harriers,Cool,Overcast,Wind,24,T_1,1,1
1221745,1,undetermined,0 m ground level,-34.32345235,136.1582716,Tumby Bay,"12/15/2022, 12:31 PM",fence post,unspecified,just perching,105,Nankeen Kestrel,kesrels,Cool,Overcast,Wind,24,T_1,1,1
1221746,1,undetermined,1 - 20 m (poles / low tree height),-34.32137116,136.1585427,Tumby Bay,"12/15/2022, 12:30 PM",unspecified,hovering,unspecified,224,Nankeen Kestrel,kesrels,Cool,Overcast,Wind,24,T_1,1,1
1221747,1,undetermined,1 - 20 m (poles / low tree height),-34.34625983,136.1016854,Tumby Bay,"12/15/2022, 12:17 PM",unspecified,hovering,unspecified,46,Nankeen Kestrel,kesrels,Cool,Overcast,Wind,24,T_1,1,1
1221740,1,male,1 - 20 m (poles / low tree height),-34.64923214,135.8216703,Port Lincoln,"12/16/2022, 9:51 AM",small tree,unspecified,just perching,27,Nankeen Kestrel,kesrels,Cold,Overcast,Wind,26,PL_1,1,1
1221741,1,undetermined,1 - 20 m (poles / low tree height),-34.66720671,135.8075632,Port Lincoln,"12/16/2022, 9:45 AM",small tree,unspecified,just perching,81,Nankeen Kestrel,kesrels,Cold,Overcast,Wind,26,PL_1,1,1
1221742,1,undetermined,50 - 150 m (at risk colliding with turbines),-34.72979034,135.888109,Port Lincoln,"12/16/2022, 9:11 AM",unspecified,soaring,unspecified,528,Osprey,kites&others,Cold,Overcast,Wind,26,PL_1,1,1
1244551,1,undetermined,1 - 20 m (poles / low tree height),-35.44107653,138.5934966,Victor Harbour,"2/7/2023, 10:55 AM",unspecified,gliding and flapping (directional flight),unspecified,97,Wedge-tailed Eagle,eagles,Cool,Overcast,Breeze,29,VH_2,2,1
1244552,2,undetermined,20 - 50 m (pylons / tall tree height),-35.47370272,138.5773683,Victor Harbour,"2/7/2023, 10:44 AM",unspecified,soaring,unspecified,399,Wedge-tailed Eagle,eagles,Cool,Overcast,Breeze,29,VH_2,2,1
1244553,1,male,1 - 20 m (poles / low tree height),-35.50689751,138.5944547,Victor Harbour,"2/7/2023, 10:31 AM",overhead lines,unspecified,just perching,106,Nankeen Kestrel,kesrels,Cool,Overcast,Breeze,29,VH_2,2,1
1244549,1,undetermined,1 - 20 m (poles / low tree height),-35.23054854,138.8514022,Strathalbyn,"2/8/2023, 9:24 AM",unspecified,flapping,unspecified,108,Black-shouldered Kite,kites&others,Cool,Clear,Still,30,S_1,2,1
1244550,1,undetermined,1 - 20 m (poles / low tree height),-35.23051896,138.8549365,Strathalbyn,"2/8/2023, 9:22 AM",overhead lines,unspecified,just perching,47,Nankeen Kestrel,kesrels,Cool,Clear,Still,30,S_1,2,1
1244546,1,undetermined,20 - 50 m (pylons / tall tree height),-35.34805442,138.938406,Strathalbyn,"2/8/2023, 10:28 AM",unspecified,gliding and flapping (directional flight),unspecified,408,Brown Falcon,falcons,Warm,Clear,Still,31,S_3,2,1
1244547,1,undetermined,1 - 20 m (poles / low tree height),-35.31654114,138.9256905,Strathalbyn,"2/8/2023, 10:20 AM",large tree,unspecified,just perching,699,Brown Falcon,falcons,Warm,Clear,Still,31,S_3,2,1
1244548,1,undetermined,20 - 50 m (pylons / tall tree height),-35.30062276,138.9061372,Strathalbyn,"2/8/2023, 10:15 AM",unspecified,gliding and flapping (directional flight),unspecified,352,Little Eagle,eagles,Warm,Clear,Still,31,S_3,2,1
1244544,1,undetermined,1 - 20 m (poles / low tree height),-35.11967504,138.9007368,Strathalbyn,"2/8/2023, 12:07 PM",unspecified,hovering,unspecified,245,Nankeen Kestrel,kesrels,Warm,Clear,Still,32,S_2,2,1
1244545,2,undetermined,20 - 50 m (pylons / tall tree height),-35.12027039,138.9025535,Strathalbyn,"2/8/2023, 12:05 PM",unspecified,soaring,unspecified,350,Wedge-tailed Eagle,eagles,Warm,Clear,Still,32,S_2,2,1
1244542,1,undetermined,20 - 50 m (pylons / tall tree height),-35.19375051,138.513863,South Adelaide,"2/9/2023, 12:32 PM",unspecified,soaring,unspecified,346,Wedge-tailed Eagle,eagles,Hot,Clear,Still,36,SA_3,2,1
1244543,2,undetermined,20 - 50 m (pylons / tall tree height),-35.16880578,138.509943,South Adelaide,"2/9/2023, 12:26 PM",unspecified,soaring,unspecified,361,Wedge-tailed Eagle,eagles,Hot,Clear,Still,36,SA_3,2,1
1244538,1,undetermined,1 - 20 m (poles / low tree height),-34.33068808,138.9919676,Nuriootpa,"2/13/2023, 11:24 AM",unspecified,hovering,unspecified,353,Nankeen Kestrel,kesrels,Cool,Clear,Wind,41,N_3,2,1
1244539,1,undetermined,20 - 50 m (pylons / tall tree height),-34.39850706,139.0002462,Nuriootpa,"2/13/2023, 11:07 AM",unspecified,soaring,unspecified,386,Brown Falcon,falcons,Cool,Clear,Wind,41,N_3,2,1
1244540,1,undetermined,1 - 20 m (poles / low tree height),-34.43633314,138.9700408,Nuriootpa,"2/13/2023, 10:43 AM",overhead lines,unspecified,just perching,186,Nankeen Kestrel,kesrels,Cool,Clear,Wind,41,N_3,2,1
1244541,1,undetermined,20 - 50 m (pylons / tall tree height),-34.43921274,138.9673778,Nuriootpa,"2/13/2023, 10:41 AM",unspecified,soaring,unspecified,430,Wedge-tailed Eagle,eagles,Cool,Clear,Wind,41,N_3,2,1
1244536,2,undetermined,1 - 20 m (poles / low tree height),-34.43328005,139.0846003,Nuriootpa,"2/13/2023, 12:34 PM",unspecified,gliding and flapping (directional flight),unspecified,40,Collared Sparrowhawk,hawks,Warm,Clear,Breeze,42,N_2,2,1
1244537,1,undetermined,20 - 50 m (pylons / tall tree height),-34.44280237,139.0910669,Nuriootpa,"2/13/2023, 12:28 PM",unspecified,soaring,unspecified,314,Wedge-tailed Eagle,eagles,Warm,Clear,Breeze,42,N_2,2,1
1244530,1,undetermined,1 - 20 m (poles / low tree height),-33.74790151,138.505327,Clare,"2/14/2023, 9:42 AM",unspecified,hovering,unspecified,89,Nankeen Kestrel,kesrels,Cool,Clear,Wind,43,C_3,2,1
1244531,1,undetermined,1 - 20 m (poles / low tree height),-33.77228785,138.5436761,Clare,"2/14/2023, 9:34 AM",unspecified,gliding and flapping (directional flight),unspecified,132,Nankeen Kestrel,kesrels,Cool,Clear,Wind,43,C_3,2,1
1244532,1,undetermined,20 - 50 m (pylons / tall tree height),-33.78341337,138.5537513,Clare,"2/14/2023, 9:28 AM",unspecified,hovering,unspecified,530,Nankeen Kestrel,kesrels,Cool,Clear,Wind,43,C_3,2,1
1244533,1,undetermined,1 - 20 m (poles / low tree height),-33.78741596,138.5678103,Clare,"2/14/2023, 9:21 AM",unspecified,hovering,unspecified,345,Nankeen Kestrel,kesrels,Cool,Clear,Wind,43,C_3,2,1
1244534,1,undetermined,50 - 150 m (at risk colliding with turbines),-33.79404578,138.5770215,Clare,"2/14/2023, 9:12 AM",unspecified,soaring,unspecified,415,Wedge-tailed Eagle,eagles,Cool,Clear,Wind,43,C_3,2,1
1244535,1,undetermined,20 - 50 m (pylons / tall tree height),-33.84390303,138.6159822,Clare,"2/14/2023, 8:55 AM",unspecified,soaring,unspecified,299,Little Eagle,eagles,Cool,Clear,Wind,43,C_3,2,1
1244529,2,undetermined,1 - 20 m (poles / low tree height),-33.8771731,138.6406082,Clare,"2/14/2023, 10:24 AM",unspecified,hovering,unspecified,207,Nankeen Kestrel,kesrels,Warm,Clear,Breeze,44,C_2,2,1
1244526,1,undetermined,1 - 20 m (poles / low tree height),-33.73914504,138.6423048,Clare,"2/14/2023, 12:00 PM",unspecified,gliding and flapping (directional flight),unspecified,538,Nankeen Kestrel,kesrels,Warm,Clear,Breeze,45,C_1,2,1
1244527,1,undetermined,0 m ground level,-33.76120357,138.6394102,Clare,"2/14/2023, 11:55 AM",boulder,unspecified,just perching,14,Nankeen Kestrel,kesrels,Warm,Clear,Breeze,45,C_1,2,1
1244528,1,undetermined,50 - 150 m (at risk colliding with turbines),-33.80043271,138.6238447,Clare,"2/14/2023, 11:45 AM",unspecified,soaring,unspecified,370,Wedge-tailed Eagle,eagles,Warm,Clear,Breeze,45,C_1,2,1
1244518,1,undetermined,1 - 20 m (poles / low tree height),-32.6305353,137.7583952,Port Augusta,"2/15/2023, 7:52 AM",overhead lines,unspecified,just perching,219,Nankeen Kestrel,kesrels,Cool,Clear,Still,46,PA_1,2,1
1244519,1,undetermined,1 - 20 m (poles / low tree height),-32.62717032,137.7599232,Port Augusta,"2/15/2023, 7:50 AM",unspecified,gliding and flapping (directional flight),unspecified,129,Nankeen Kestrel,kesrels,Cool,Clear,Still,46,PA_1,2,1
1244520,1,undetermined,1 - 20 m (poles / low tree height),-32.60912523,137.7621328,Port Augusta,"2/15/2023, 7:44 AM",overhead lines,unspecified,just perching,301,Nankeen Kestrel,kesrels,Cool,Clear,Still,46,PA_1,2,1
1244521,1,undetermined,1 - 20 m (poles / low tree height),-32.54890359,137.7476777,Port Augusta,"2/15/2023, 7:32 AM",overhead lines,unspecified,just perching,11,Nankeen Kestrel,kesrels,Cool,Clear,Still,46,PA_1,2,1
1244522,1,undetermined,1 - 20 m (poles / low tree height),-32.52763852,137.7378085,Port Augusta,"2/15/2023, 7:26 AM",overhead lines,unspecified,just perching,4,Nankeen Kestrel,kesrels,Cool,Clear,Still,46,PA_1,2,1
1244523,1,undetermined,1 - 20 m (poles / low tree height),-32.52283791,137.7376525,Port Augusta,"2/15/2023, 7:25 AM",overhead lines,unspecified,just perching,6,Nankeen Kestrel,kesrels,Cool,Clear,Still,46,PA_1,2,1
1244524,1,undetermined,1 - 20 m (poles / low tree height),-32.49298176,137.7460593,Port Augusta,"2/15/2023, 7:18 AM",small tree,unspecified,just perching,73,Black-shouldered Kite,kites&others,Cool,Clear,Still,46,PA_1,2,1
1244525,1,undetermined,1 - 20 m (poles / low tree height),-32.47523547,137.7597919,Port Augusta,"2/15/2023, 7:11 AM",small tree,unspecified,just perching,129,Black-shouldered Kite,kites&others,Cool,Clear,Still,46,PA_1,2,1
1244509,1,undetermined,1 - 20 m (poles / low tree height),-32.37413203,137.8557512,Port Augusta,"2/15/2023, 9:09 AM",overhead lines,unspecified,unspecified,150,Nankeen Kestrel,kesrels,Warm,Clear,Still,47,PA_2,2,1
1244510,1,undetermined,1 - 20 m (poles / low tree height),-32.48895192,137.7765341,Port Augusta,"2/15/2023, 8:58 AM",overhead lines,perching,unspecified,40,Brown Falcon,falcons,Warm,Clear,Still,47,PA_2,2,1
1244511,1,undetermined,1 - 20 m (poles / low tree height),-32.440312,137.8491208,Port Augusta,"2/15/2023, 8:51 AM",unspecified,flapping,unspecified,0,Wedge-tailed Eagle,eagles,Warm,Clear,Still,47,PA_2,2,1
1244512,1,undetermined,50 - 150 m (at risk colliding with turbines),-32.45407693,137.8529047,Port Augusta,"2/15/2023, 8:47 AM",unspecified,soaring,unspecified,531,Little Eagle,eagles,Warm,Clear,Still,47,PA_2,2,1
1244513,1,undetermined,1 - 20 m (poles / low tree height),-32.47703716,137.8185804,Port Augusta,"2/15/2023, 8:34 AM",small tree,unspecified,just perching,145,Wedge-tailed Eagle,eagles,Warm,Clear,Still,47,PA_2,2,1
1244514,1,undetermined,1 - 20 m (poles / low tree height),-32.47892826,137.8165728,Port Augusta,"2/15/2023, 8:31 AM",small tree,unspecified,just perching,55,Nankeen Kestrel,kesrels,Warm,Clear,Still,47,PA_2,2,1
1244515,1,undetermined,1 - 20 m (poles / low tree height),-32.48192637,137.8142904,Port Augusta,"2/15/2023, 8:29 AM",unspecified,flapping,unspecified,124,Nankeen Kestrel,kesrels,Warm,Clear,Still,47,PA_2,2,1
1244516,1,undetermined,1 - 20 m (poles / low tree height),-32.48327444,137.8044046,Port Augusta,"2/15/2023, 8:25 AM",small tree,unspecified,just perching,15,Nankeen Kestrel,kesrels,Warm,Clear,Still,47,PA_2,2,1
1244517,1,undetermined,1 - 20 m (poles / low tree height),-32.48301216,137.7889136,Port Augusta,"2/15/2023, 8:21 AM",misc. built,unspecified,just perching,63,Nankeen Kestrel,kesrels,Warm,Clear,Still,47,PA_2,2,1
1244494,1,undetermined,1 - 20 m (poles / low tree height),-34.46462366,136.0008365,Tumby Bay,"2/16/2023, 8:15 AM",fence post,unspecified,unspecified,50,Nankeen Kestrel,kesrels,Warm,Overcast,Breeze,49,T_3,2,1
1244495,1,undetermined,1 - 20 m (poles / low tree height),-34.46426975,136.0018392,Tumby Bay,"2/16/2023, 8:14 AM",fence post,unspecified,unspecified,50,Nankeen Kestrel,kesrels,Warm,Overcast,Breeze,49,T_3,2,1
1244496,1,undetermined,1 - 20 m (poles / low tree height),-34.45841862,136.0007879,Tumby Bay,"2/16/2023, 8:11 AM",fence post,unspecified,unspecified,50,Brown Falcon,falcons,Warm,Overcast,Breeze,49,T_3,2,1
1244497,1,undetermined,1 - 20 m (poles / low tree height),-34.45156074,136.0076925,Tumby Bay,"2/16/2023, 8:07 AM",small tree,unspecified,unspecified,60,Brown Falcon,falcons,Warm,Overcast,Breeze,49,T_3,2,1
1244498,1,undetermined,1 - 20 m (poles / low tree height),-34.45138157,136.0517106,Tumby Bay,"2/16/2023, 7:58 AM",unspecified,flapping,unspecified,50,Brown Falcon,falcons,Warm,Overcast,Breeze,49,T_3,2,1
1244499,1,undetermined,1 - 20 m (poles / low tree height),-34.44865743,136.077962,Tumby Bay,"2/16/2023, 7:52 AM",small tree,unspecified,unspecified,60,Nankeen Kestrel,kesrels,Warm,Overcast,Breeze,49,T_3,2,1
1244500,1,undetermined,1 - 20 m (poles / low tree height),-34.44235203,136.0810511,Tumby Bay,"2/16/2023, 7:49 AM",large tree,unspecified,just perching,10,Black-shouldered Kite,kites&others,Warm,Overcast,Breeze,49,T_3,2,1
1244501,1,undetermined,1 - 20 m (poles / low tree height),-34.43669019,136.0844483,Tumby Bay,"2/16/2023, 7:46 AM",small tree,unspecified,unspecified,30,Nankeen Kestrel,kesrels,Warm,Overcast,Breeze,49,T_3,2,1
1244502,1,undetermined,1 - 20 m (poles / low tree height),-34.43073175,136.08742,Tumby Bay,"2/16/2023, 7:40 AM",unspecified,flapping,unspecified,10,Australian Hobby,falcons,Warm,Overcast,Breeze,49,T_3,2,1
1244503,2,undetermined,1 - 20 m (poles / low tree height),-34.4316296,136.0865217,Tumby Bay,"2/16/2023, 7:38 AM",large tree,unspecified,just perching,150,Black-shouldered Kite,kites&others,Warm,Overcast,Breeze,49,T_3,2,1
1244504,2,undetermined,1 - 20 m (poles / low tree height),-34.43032784,136.0879132,Tumby Bay,"2/16/2023, 7:34 AM",unspecified,quartering,unspecified,20,Swamp Harrier,harriers,Warm,Overcast,Breeze,49,T_3,2,1
1244505,1,undetermined,1 - 20 m (poles / low tree height),-34.42914734,136.088944,Tumby Bay,"2/16/2023, 7:31 AM",small tree,unspecified,just perching,50,Brown Falcon,falcons,Warm,Overcast,Breeze,49,T_3,2,1
1244506,1,undetermined,1 - 20 m (poles / low tree height),-34.42908285,136.0887247,Tumby Bay,"2/16/2023, 7:29 AM",unspecified,quartering,unspecified,100,Spotted Harrier,harriers,Warm,Overcast,Breeze,49,T_3,2,1
1244507,1,undetermined,0 m ground level,-34.39873502,136.0852507,Tumby Bay,"2/16/2023, 7:20 AM",unspecified,quartering,unspecified,100,Swamp Harrier,harriers,Warm,Overcast,Breeze,49,T_3,2,1
1244508,1,undetermined,1 - 20 m (poles / low tree height),-34.38846909,136.0922337,Tumby Bay,"2/16/2023, 7:15 AM",small tree,unspecified,just perching,100,Nankeen Kestrel,kesrels,Warm,Overcast,Breeze,49,T_3,2,1
1244488,1,undetermined,1 - 20 m (poles / low tree height),-34.35331287,135.9770123,Tumby Bay,"2/16/2023, 9:19 AM",unspecified,gliding and flapping (directional flight),unspecified,70,Brown Falcon,falcons,Hot,Overcast,Breeze,50,T_2,2,1
1244489,1,undetermined,1 - 20 m (poles / low tree height),-34.33611831,136.001964,Tumby Bay,"2/16/2023, 9:11 AM",unspecified,hovering,unspecified,349,Nankeen Kestrel,kesrels,Hot,Overcast,Breeze,50,T_2,2,1
1244490,1,undetermined,1 - 20 m (poles / low tree height),-34.33913514,136.0096253,Tumby Bay,"2/16/2023, 9:07 AM",unspecified,hovering,unspecified,150,Nankeen Kestrel,kesrels,Hot,Overcast,Breeze,50,T_2,2,1
1244491,1,undetermined,1 - 20 m (poles / low tree height),-34.35201556,136.0425458,Tumby Bay,"2/16/2023, 8:58 AM",unspecified,flapping,unspecified,50,Black-shouldered Kite,kites&others,Hot,Overcast,Breeze,50,T_2,2,1
1244492,1,undetermined,1 - 20 m (poles / low tree height),-34.35831836,136.0551285,Tumby Bay,"2/16/2023, 8:53 AM",unspecified,gliding,unspecified,200,Nankeen Kestrel,kesrels,Hot,Overcast,Breeze,50,T_2,2,1
1244493,1,undetermined,1 - 20 m (poles / low tree height),-34.35981055,136.0795887,Tumby Bay,"2/16/2023, 8:48 AM",overhead lines,unspecified,unspecified,5,Nankeen Kestrel,kesrels,Hot,Overcast,Breeze,50,T_2,2,1
1244480,1,undetermined,1 - 20 m (poles / low tree height),-34.30270684,136.1960301,Tumby Bay,"2/16/2023, 10:36 AM",fence post,unspecified,feeding,15,Nankeen Kestrel,kesrels,Hot,Light Cloud,Breeze,51,T_1,2,1
1244481,1,undetermined,1 - 20 m (poles / low tree height),-34.30937915,136.1861115,Tumby Bay,"2/16/2023, 10:29 AM",small tree,unspecified,unspecified,5,Nankeen Kestrel,kesrels,Hot,Light Cloud,Breeze,51,T_1,2,1
1244482,1,undetermined,1 - 20 m (poles / low tree height),-34.31183485,136.1813336,Tumby Bay,"2/16/2023, 10:27 AM",unspecified,flapping,unspecified,100,Peregrine Falcon ,falcons,Hot,Light Cloud,Breeze,51,T_1,2,1
1244483,1,undetermined,50 - 150 m (at risk colliding with turbines),-34.3135765,136.1609812,Tumby Bay,"2/16/2023, 10:20 AM",unspecified,soaring,unspecified,998,Wedge-tailed Eagle,eagles,Hot,Light Cloud,Breeze,51,T_1,2,1
1244484,1,undetermined,1 - 20 m (poles / low tree height),-34.32416539,136.1553963,Tumby Bay,"2/16/2023, 10:17 AM",unspecified,quartering,unspecified,100,Swamp Harrier,harriers,Hot,Light Cloud,Breeze,51,T_1,2,1
1244485,1,undetermined,1 - 20 m (poles / low tree height),-34.32345511,136.1500201,Tumby Bay,"2/16/2023, 10:14 AM",shrub,unspecified,unspecified,15,Nankeen Kestrel,kesrels,Hot,Light Cloud,Breeze,51,T_1,2,1
1244486,1,undetermined,0 m ground level,-34.32214764,136.1156116,Tumby Bay,"2/16/2023, 10:04 AM",ground,unspecified,feeding,30,Nankeen Kestrel,kesrels,Hot,Light Cloud,Breeze,51,T_1,2,1
1244487,1,undetermined,0 m ground level,-34.36491304,136.0984371,Tumby Bay,"2/16/2023, 9:54 AM",ground,unspecified,foraging,100,Brown Falcon,falcons,Hot,Light Cloud,Breeze,51,T_1,2,1
1370942,1,undetermined,20 - 50 m (pylons / tall tree height),-35.57798226,138.4704988,Victor Harbour,"12/5/2023, 10:37 AM",unspecified,soaring,unspecified,1003,Wedge-tailed Eagle,eagles,Cool,Light Cloud,Still,53,VH_1,3,2
1370941,2,undetermined,20 - 50 m (pylons / tall tree height),-35.50350716,138.760214,Victor Harbour,"12/5/2023, 11:25 AM",unspecified,soaring,unspecified,353,Whistling Kite,kites&others,Cool,Light Cloud,Still,54,VH_3,3,2
1370940,1,undetermined,1 - 20 m (poles / low tree height),-35.23061222,138.8597343,Strathalbyn,"12/6/2023, 9:10 AM",large tree,unspecified,just perching,15,Black-shouldered Kite,kites&others,Cool,Overcast,Still,55,S_1,3,2
1370938,1,undetermined,20 - 50 m (pylons / tall tree height),-35.19802232,138.8881365,Strathalbyn,"12/6/2023, 10:46 AM",unspecified,soaring,unspecified,400,Brown Falcon,falcons,Cool,Overcast,Still,56,S_2,3,2
1370939,1,undetermined,1 - 20 m (poles / low tree height),-35.2276774,138.8958979,Strathalbyn,"12/6/2023, 10:39 AM",overhead lines,unspecified,just perching,114,Nankeen Kestrel,kesrels,Cool,Overcast,Still,56,S_2,3,2
1370929,2,undetermined,1 - 20 m (poles / low tree height),-35.36670946,139.0032191,Strathalbyn,"12/6/2023, 12:23 PM",unspecified,mobbing,unspecified,127,Nankeen Kestrel,kesrels,Warm,Overcast,Still,57,S_3,3,2
1370930,1,undetermined,1 - 20 m (poles / low tree height),-35.36668198,139.0027693,Strathalbyn,"12/6/2023, 12:22 PM",unspecified,soaring,unspecified,116,Brown Goshawk,hawks,Warm,Overcast,Still,57,S_3,3,2
1370931,1,undetermined,1 - 20 m (poles / low tree height),-35.36547197,138.9891348,Strathalbyn,"12/6/2023, 12:13 PM",overhead lines,unspecified,just perching,34,Brown Falcon,falcons,Warm,Overcast,Still,57,S_3,3,2
1370932,1,undetermined,1 - 20 m (poles / low tree height),-35.36323182,138.9665837,Strathalbyn,"12/6/2023, 12:07 PM",unspecified,flapping,unspecified,58,Black-shouldered Kite,kites&others,Warm,Overcast,Still,57,S_3,3,2
1370933,1,undetermined,1 - 20 m (poles / low tree height),-35.36350312,138.9636641,Strathalbyn,"12/6/2023, 12:04 PM",unspecified,gliding,unspecified,76,Nankeen Kestrel,kesrels,Warm,Overcast,Still,57,S_3,3,2
1370934,1,undetermined,20 - 50 m (pylons / tall tree height),-35.34529219,138.9320675,Strathalbyn,"12/6/2023, 11:55 AM",unspecified,soaring,unspecified,68,Nankeen Kestrel,kesrels,Warm,Overcast,Still,57,S_3,3,2
1370935,1,undetermined,20 - 50 m (pylons / tall tree height),-35.33962466,138.9342751,Strathalbyn,"12/6/2023, 11:53 AM",unspecified,soaring,unspecified,385,Brown Falcon,falcons,Warm,Overcast,Still,57,S_3,3,2
1370936,1,undetermined,1 - 20 m (poles / low tree height),-35.33882692,138.9291189,Strathalbyn,"12/6/2023, 11:49 AM",small tree,unspecified,just perching,16,Brown Falcon,falcons,Warm,Overcast,Still,57,S_3,3,2
1370937,1,undetermined,1 - 20 m (poles / low tree height),-35.33829229,138.9244824,Strathalbyn,"12/6/2023, 11:47 AM",large tree,unspecified,just perching,439,Black-shouldered Kite,kites&others,Warm,Overcast,Still,57,S_3,3,2
1370928,1,undetermined,20 - 50 m (pylons / tall tree height),-34.99263316,138.5949679,South Adelaide,"12/7/2023, 9:37 AM",utility pole,unspecified,just perching,231,Peregrine Falcon ,falcons,Cool,Overcast,Breeze,58,SA_1,3,2
1370927,1,undetermined,20 - 50 m (pylons / tall tree height),-35.11143,138.6386576,South Adelaide,"12/7/2023, 11:36 AM",unspecified,soaring,unspecified,491,Wedge-tailed Eagle,eagles,Cool,Overcast,Still,59,SA_2,3,2
1370926,1,undetermined,1 - 20 m (poles / low tree height),-35.15222121,138.52396,South Adelaide,"12/7/2023, 12:20 PM",small tree,unspecified,just perching,81,Nankeen Kestrel,kesrels,Cool,Overcast,Breeze,60,SA_3,3,2
1370922,2,undetermined,20 - 50 m (pylons / tall tree height),-34.43148838,138.9863058,Nuriootpa,"12/11/2023, 10:53 AM",unspecified,soaring,unspecified,132,Square-tailed Kite,kites&others,Warm,Light Cloud,Wind,64,N_3,3,2
1370923,1,undetermined,1 - 20 m (poles / low tree height),-34.40533506,138.9623438,Nuriootpa,"12/11/2023, 10:42 AM",unspecified,hovering,unspecified,291,Nankeen Kestrel,kesrels,Warm,Light Cloud,Wind,64,N_3,3,2
1370924,1,undetermined,1 - 20 m (poles / low tree height),-34.44077884,138.9721953,Nuriootpa,"12/11/2023, 10:21 AM",overhead lines,unspecified,unspecified,46,Nankeen Kestrel,kesrels,Warm,Light Cloud,Wind,64,N_3,3,2
1370925,1,undetermined,20 - 50 m (pylons / tall tree height),-34.45074668,138.9695747,Nuriootpa,"12/11/2023, 10:17 AM",unspecified,unspecified,unspecified,349,Nankeen Kestrel,kesrels,Warm,Light Cloud,Wind,64,N_3,3,2
1370921,2,undetermined,1 - 20 m (poles / low tree height),-34.53074904,139.0467526,Nuriootpa,"12/11/2023, 11:37 AM",unspecified,soaring,unspecified,227,Wedge-tailed Eagle,eagles,Cool,Overcast,Wind,65,N_1,3,2
1370919,1,undetermined,1 - 20 m (poles / low tree height),-34.47618417,139.1323637,Nuriootpa,"12/11/2023, 12:49 PM",unspecified,unspecified,unspecified,57,Black-shouldered Kite,kites&others,Warm,Overcast,Wind,66,N_2,3,2
1370920,1,undetermined,20 - 50 m (pylons / tall tree height),-34.4609337,139.0007887,Nuriootpa,"12/11/2023, 12:24 PM",unspecified,soaring,unspecified,10,Peregrine Falcon ,falcons,Warm,Overcast,Wind,66,N_2,3,2
1370917,1,undetermined,20 - 50 m (pylons / tall tree height),-33.70962619,138.6404682,Clare,"12/12/2023, 9:59 AM",large tree,unspecified,unspecified,550,Nankeen Kestrel,kesrels,Cool,Light Cloud,Breeze,67,C_1,3,2
1370918,1,undetermined,1 - 20 m (poles / low tree height),-33.78223316,138.6294696,Clare,"12/12/2023, 9:40 AM",overhead lines,unspecified,unspecified,137,Black-shouldered Kite,kites&others,Cool,Light Cloud,Breeze,67,C_1,3,2
1370909,1,undetermined,1 - 20 m (poles / low tree height),-33.90231937,138.6931859,Clare,"12/12/2023, 12:04 PM",unspecified,hovering,unspecified,62,Nankeen Kestrel,kesrels,Warm,Light Cloud,Breeze,68,C_2,3,2
1370910,1,undetermined,1 - 20 m (poles / low tree height),-33.89654729,138.6480132,Clare,"12/12/2023, 11:52 AM",unspecified,unspecified,unspecified,65,Nankeen Kestrel,kesrels,Warm,Light Cloud,Breeze,68,C_2,3,2
1370911,1,undetermined,1 - 20 m (poles / low tree height),-33.89600566,138.6445483,Clare,"12/12/2023, 11:50 AM",unspecified,hovering,unspecified,238,Nankeen Kestrel,kesrels,Warm,Light Cloud,Breeze,68,C_2,3,2
1370912,1,undetermined,1 - 20 m (poles / low tree height),-33.89218606,138.6439039,Clare,"12/12/2023, 11:48 AM",unspecified,unspecified,unspecified,209,Nankeen Kestrel,kesrels,Warm,Light Cloud,Breeze,68,C_2,3,2
1370913,1,undetermined,1 - 20 m (poles / low tree height),-33.88242619,138.6413301,Clare,"12/12/2023, 11:43 AM",unspecified,flapping,unspecified,222,Nankeen Kestrel,kesrels,Warm,Light Cloud,Breeze,68,C_2,3,2
1370914,1,undetermined,1 - 20 m (poles / low tree height),-33.8759367,138.643384,Clare,"12/12/2023, 11:40 AM",unspecified,flapping,unspecified,135,Nankeen Kestrel,kesrels,Warm,Light Cloud,Breeze,68,C_2,3,2
1370915,1,undetermined,1 - 20 m (poles / low tree height),-33.87713649,138.640996,Clare,"12/12/2023, 11:39 AM",overhead lines,unspecified,unspecified,192,Nankeen Kestrel,kesrels,Warm,Light Cloud,Breeze,68,C_2,3,2
1370916,1,undetermined,50 - 150 m (at risk colliding with turbines),-33.88695104,138.6349063,Clare,"12/12/2023, 11:37 AM",unspecified,soaring,unspecified,1417,Wedge-tailed Eagle,eagles,Warm,Light Cloud,Breeze,68,C_2,3,2
1370897,1,undetermined,1 - 20 m (poles / low tree height),-33.74763707,138.4981009,Clare,"12/12/2023, 1:25 PM",unspecified,unspecified,unspecified,201,Nankeen Kestrel,kesrels,Warm,Light Cloud,Breeze,69,C_3,3,2
1370898,1,undetermined,1 - 20 m (poles / low tree height),-33.75688113,138.5205455,Clare,"12/12/2023, 1:20 PM",unspecified,hovering,unspecified,206,Nankeen Kestrel,kesrels,Warm,Light Cloud,Breeze,69,C_3,3,2
1370899,1,undetermined,1 - 20 m (poles / low tree height),-33.77940072,138.5559203,Clare,"12/12/2023, 1:09 PM",unspecified,flapping,unspecified,292,Nankeen Kestrel,kesrels,Warm,Light Cloud,Breeze,69,C_3,3,2
1370900,1,undetermined,1 - 20 m (poles / low tree height),-33.78448518,138.557931,Clare,"12/12/2023, 1:05 PM",unspecified,flapping,unspecified,173,Brown Falcon,falcons,Warm,Light Cloud,Breeze,69,C_3,3,2
1370901,1,undetermined,50 - 150 m (at risk colliding with turbines),-33.7984673,138.5751372,Clare,"12/12/2023, 1:00 PM",unspecified,circling,unspecified,1076,Wedge-tailed Eagle,eagles,Warm,Light Cloud,Breeze,69,C_3,3,2
1370902,2,undetermined,50 - 150 m (at risk colliding with turbines),-33.7868025,138.57606,Clare,"12/12/2023, 12:59 PM",unspecified,mobbing,unspecified,241,Brown Falcon,falcons,Warm,Light Cloud,Breeze,69,C_3,3,2
1370903,2,undetermined,1 - 20 m (poles / low tree height),-33.79093239,138.5816282,Clare,"12/12/2023, 12:55 PM",unspecified,unspecified,unspecified,120,Nankeen Kestrel,kesrels,Warm,Light Cloud,Breeze,69,C_3,3,2
1370904,1,undetermined,1 - 20 m (poles / low tree height),-33.793284,138.5798689,Clare,"12/12/2023, 12:54 PM",unspecified,unspecified,unspecified,188,Brown Goshawk,hawks,Warm,Light Cloud,Breeze,69,C_3,3,2
1370905,1,undetermined,50 - 150 m (at risk colliding with turbines),-33.79595678,138.5820178,Clare,"12/12/2023, 12:50 PM",unspecified,thermal soaring,unspecified,0,Wedge-tailed Eagle,eagles,Warm,Light Cloud,Breeze,69,C_3,3,2
1370906,1,undetermined,1 - 20 m (poles / low tree height),-33.79621163,138.5809189,Clare,"12/12/2023, 12:49 PM",large tree,unspecified,just perching,106,Nankeen Kestrel,kesrels,Warm,Light Cloud,Breeze,69,C_3,3,2
1370907,2,undetermined,1 - 20 m (poles / low tree height),-33.79587472,138.5832083,Clare,"12/12/2023, 12:48 PM",unspecified,unspecified,unspecified,111,Nankeen Kestrel,kesrels,Warm,Light Cloud,Breeze,69,C_3,3,2
1370908,1,undetermined,1 - 20 m (poles / low tree height),-33.79719678,138.5831272,Clare,"12/12/2023, 12:46 PM",unspecified,unspecified,unspecified,83,Nankeen Kestrel,kesrels,Warm,Light Cloud,Breeze,69,C_3,3,2
1370892,1,undetermined,1 - 20 m (poles / low tree height),-32.44922518,137.8448147,Port Augusta,"12/13/2023, 9:17 AM",unspecified,gliding and flapping (directional flight),unspecified,379,Nankeen Kestrel,kesrels,Warm,Light Cloud,Breeze,70,PA_2,3,2
1370893,1,undetermined,0 m ground level,-32.45485257,137.8459738,Port Augusta,"12/13/2023, 9:15 AM",unspecified,hovering,unspecified,52,Nankeen Kestrel,kesrels,Warm,Light Cloud,Breeze,70,PA_2,3,2
1370894,1,undetermined,50 - 150 m (at risk colliding with turbines),-32.47197826,137.8059212,Port Augusta,"12/13/2023, 8:59 AM",unspecified,soaring,unspecified,1302,Wedge-tailed Eagle,eagles,Warm,Light Cloud,Breeze,70,PA_2,3,2
1370895,1,undetermined,1 - 20 m (poles / low tree height),-32.48144176,137.8055387,Port Augusta,"12/13/2023, 8:58 AM",unspecified,flapping,unspecified,227,Black Kite,kites&others,Warm,Light Cloud,Breeze,70,PA_2,3,2
1370896,1,undetermined,1 - 20 m (poles / low tree height),-32.48686303,137.7812205,Port Augusta,"12/13/2023, 8:47 AM",unspecified,soaring,unspecified,89,Little Eagle,eagles,Warm,Light Cloud,Breeze,70,PA_2,3,2
1370885,1,undetermined,1 - 20 m (poles / low tree height),-32.5099079,137.8293022,Port Augusta,"12/13/2023, 10:27 AM",unspecified,hovering,unspecified,0,Nankeen Kestrel,kesrels,Warm,Light Cloud,Breeze,71,PA_3,3,2
1370886,1,undetermined,1 - 20 m (poles / low tree height),-32.40519238,137.7619164,Port Augusta,"12/13/2023, 10:23 AM",unspecified,gliding and flapping (directional flight),unspecified,458,Nankeen Kestrel,kesrels,Warm,Light Cloud,Breeze,71,PA_3,3,2
1370887,1,undetermined,1 - 20 m (poles / low tree height),-32.40725026,137.7358622,Port Augusta,"12/13/2023, 10:15 AM",unspecified,hovering,unspecified,178,Nankeen Kestrel,kesrels,Warm,Light Cloud,Breeze,71,PA_3,3,2
1370888,1,undetermined,1 - 20 m (poles / low tree height),-32.40532854,137.7299616,Port Augusta,"12/13/2023, 10:13 AM",unspecified,hovering,unspecified,365,Nankeen Kestrel,kesrels,Warm,Light Cloud,Breeze,71,PA_3,3,2
1370889,1,undetermined,1 - 20 m (poles / low tree height),-32.43681087,137.7152245,Port Augusta,"12/13/2023, 10:06 AM",unspecified,gliding,unspecified,423,Nankeen Kestrel,kesrels,Warm,Light Cloud,Breeze,71,PA_3,3,2
1370890,2,undetermined,1 - 20 m (poles / low tree height),-32.48528815,137.7620867,Port Augusta,"12/13/2023, 9:55 AM",unspecified,flapping,unspecified,329,Black Kite,kites&others,Warm,Light Cloud,Breeze,71,PA_3,3,2
1370891,1,male,1 - 20 m (poles / low tree height),-32.50643269,137.7751202,Port Augusta,"12/13/2023, 9:47 AM",overhead lines,unspecified,plucking,57,Nankeen Kestrel,kesrels,Warm,Light Cloud,Breeze,71,PA_3,3,2
1370882,1,undetermined,1 - 20 m (poles / low tree height),-32.59858778,137.759206,Port Augusta,"12/13/2023, 11:45 AM",unspecified,flapping,unspecified,4,Nankeen Kestrel,kesrels,Hot,Light Cloud,Breeze,72,PA_1,3,2
1370883,1,undetermined,1 - 20 m (poles / low tree height),-32.51986941,137.7217484,Port Augusta,"12/13/2023, 11:26 AM",unspecified,soaring,unspecified,431,Wedge-tailed Eagle,eagles,Hot,Light Cloud,Breeze,72,PA_1,3,2
1370884,2,undetermined,1 - 20 m (poles / low tree height),-32.5117471,137.7313358,Port Augusta,"12/13/2023, 11:23 AM",unspecified,hovering,unspecified,61,Nankeen Kestrel,kesrels,Hot,Light Cloud,Breeze,72,PA_1,3,2
1371284,1,undetermined,1 - 20 m (poles / low tree height),-34.65925542,135.813221,Port Lincoln,"12/14/2023, 10:17 AM",unspecified,hovering,unspecified,119,Nankeen Kestrel,kesrels,Cool,Overcast,Breeze,73,PL_1,3,2
1371285,1,undetermined,1 - 20 m (poles / low tree height),-34.67540858,135.8018843,Port Lincoln,"12/14/2023, 10:12 AM",unspecified,hovering,unspecified,254,Black-shouldered Kite,kites&others,Cool,Overcast,Breeze,73,PL_1,3,2
1371283,1,undetermined,1 - 20 m (poles / low tree height),-34.79098292,135.8005968,Port Lincoln,"12/14/2023, 11:13 AM",large tree,unspecified,just perching,21,Osprey,kites&others,Warm,Light Cloud,Breeze,74,PL_3,3,2
1371282,1,undetermined,20 - 50 m (pylons / tall tree height),-34.72972857,135.8101297,Port Lincoln,"12/14/2023, 11:53 AM",unspecified,flapping,unspecified,251,Wedge-tailed Eagle,eagles,Warm,Light Cloud,Breeze,75,PL_2,3,2
1382901,1,undetermined,1 - 20 m (poles / low tree height),-34.45112396,136.0264315,Tumby Bay,"12/15/2023, 9:09 AM",small tree,unspecified,unspecified,0,Nankeen Kestrel,kesrels,Warm,Light Cloud,Still,76,T_3,3,2
1382902,1,undetermined,1 - 20 m (poles / low tree height),-34.45062775,136.044996,Tumby Bay,"12/15/2023, 9:04 AM",unspecified,unspecified,unspecified,49,Nankeen Kestrel,kesrels,Warm,Light Cloud,Still,76,T_3,3,2
1382903,3,undetermined,1 - 20 m (poles / low tree height),-34.44822511,136.077952,Tumby Bay,"12/15/2023, 8:55 AM",small tree,unspecified,unspecified,32,Nankeen Kestrel,kesrels,Warm,Light Cloud,Still,76,T_3,3,2
1382904,1,undetermined,1 - 20 m (poles / low tree height),-34.44682449,136.0787052,Tumby Bay,"12/15/2023, 8:52 AM",small tree,unspecified,just perching,11,Nankeen Kestrel,kesrels,Warm,Light Cloud,Still,76,T_3,3,2
1382905,1,undetermined,0 m ground level,-34.42259177,136.0888627,Tumby Bay,"12/15/2023, 8:43 AM",ground,unspecified,unspecified,121,Swamp Harrier,harriers,Warm,Light Cloud,Still,76,T_3,3,2
1382906,1,undetermined,1 - 20 m (poles / low tree height),-34.3910871,136.0862098,Tumby Bay,"12/15/2023, 8:30 AM",unspecified,flapping,unspecified,304,Black-shouldered Kite,kites&others,Warm,Light Cloud,Still,76,T_3,3,2
1382889,1,undetermined,1 - 20 m (poles / low tree height),-34.36190037,136.0303718,Tumby Bay,"12/15/2023, 10:14 AM",large tree,unspecified,unspecified,49,Australian Hobby,falcons,Warm,Light Cloud,Still,77,T_2,3,2
1382890,1,undetermined,1 - 20 m (poles / low tree height),-34.36267575,136.0362915,Tumby Bay,"12/15/2023, 10:12 AM",unspecified,gliding and flapping (directional flight),unspecified,221,Nankeen Kestrel,kesrels,Warm,Light Cloud,Still,77,T_2,3,2
1382891,1,undetermined,1 - 20 m (poles / low tree height),-34.36196333,136.0365497,Tumby Bay,"12/15/2023, 10:11 AM",overhead lines,unspecified,unspecified,199,Nankeen Kestrel,kesrels,Warm,Light Cloud,Still,77,T_2,3,2
1382892,1,undetermined,1 - 20 m (poles / low tree height),-34.34396445,136.0229535,Tumby Bay,"12/15/2023, 10:00 AM",unspecified,soaring,unspecified,261,Nankeen Kestrel,kesrels,Warm,Light Cloud,Still,77,T_2,3,2
1382893,1,undetermined,20 - 50 m (pylons / tall tree height),-34.34688253,136.0282982,Tumby Bay,"12/15/2023, 9:58 AM",unspecified,hovering,unspecified,267,Nankeen Kestrel,kesrels,Warm,Light Cloud,Still,77,T_2,3,2
1382894,1,undetermined,1 - 20 m (poles / low tree height),-34.3480169,136.0319238,Tumby Bay,"12/15/2023, 9:56 AM",misc. built,unspecified,unspecified,64,Nankeen Kestrel,kesrels,Warm,Light Cloud,Still,77,T_2,3,2
1382895,1,undetermined,1 - 20 m (poles / low tree height),-34.35474683,136.0522378,Tumby Bay,"12/15/2023, 9:52 AM",unspecified,gliding and flapping (directional flight),unspecified,85,Nankeen Kestrel,kesrels,Warm,Light Cloud,Still,77,T_2,3,2
1382896,1,undetermined,1 - 20 m (poles / low tree height),-34.35661379,136.0568408,Tumby Bay,"12/15/2023, 9:50 AM",small tree,unspecified,unspecified,12,Nankeen Kestrel,kesrels,Warm,Light Cloud,Still,77,T_2,3,2
1382897,1,undetermined,1 - 20 m (poles / low tree height),-34.35674956,136.0577999,Tumby Bay,"12/15/2023, 9:50 AM",fence post,unspecified,unspecified,0,Nankeen Kestrel,kesrels,Warm,Light Cloud,Still,77,T_2,3,2
1382898,1,undetermined,0 m ground level,-34.35809291,136.0707173,Tumby Bay,"12/15/2023, 9:47 AM",ground,unspecified,unspecified,20,Nankeen Kestrel,kesrels,Warm,Light Cloud,Still,77,T_2,3,2
1382899,1,undetermined,1 - 20 m (poles / low tree height),-34.36396777,136.0770688,Tumby Bay,"12/15/2023, 9:44 AM",unspecified,gliding and flapping (directional flight),unspecified,92,Nankeen Kestrel,kesrels,Warm,Light Cloud,Still,77,T_2,3,2
1382900,1,undetermined,1 - 20 m (poles / low tree height),-34.36466852,136.0753966,Tumby Bay,"12/15/2023, 9:43 AM",overhead lines,unspecified,unspecified,126,Nankeen Kestrel,kesrels,Warm,Light Cloud,Still,77,T_2,3,2
1382882,1,undetermined,1 - 20 m (poles / low tree height),-34.30013401,136.1577727,Tumby Bay,"12/15/2023, 11:22 AM",unspecified,gliding and flapping (directional flight),unspecified,87,Nankeen Kestrel,kesrels,Warm,Light Cloud,Still,78,T_1,3,2
1382883,1,undetermined,1 - 20 m (poles / low tree height),-34.30083363,136.1626678,Tumby Bay,"12/15/2023, 11:21 AM",overhead lines,unspecified,just perching,122,Brown Falcon,falcons,Warm,Light Cloud,Still,78,T_1,3,2
1382884,1,undetermined,20 - 50 m (pylons / tall tree height),-34.31861237,136.1490083,Tumby Bay,"12/15/2023, 11:11 AM",unspecified,soaring,unspecified,529,Nankeen Kestrel,kesrels,Warm,Light Cloud,Still,78,T_1,3,2
1382885,1,undetermined,1 - 20 m (poles / low tree height),-34.3226573,136.1419996,Tumby Bay,"12/15/2023, 11:08 AM",unspecified,flapping,unspecified,76,Nankeen Kestrel,kesrels,Warm,Light Cloud,Still,78,T_1,3,2
1382886,1,undetermined,1 - 20 m (poles / low tree height),-34.32298381,136.1203802,Tumby Bay,"12/15/2023, 11:05 AM",small tree,unspecified,unspecified,24,Nankeen Kestrel,kesrels,Warm,Light Cloud,Still,78,T_1,3,2
1382887,3,undetermined,1 - 20 m (poles / low tree height),-34.34359636,136.1029836,Tumby Bay,"12/15/2023, 10:58 AM",fence post,unspecified,plucking,53,Australian Hobby,falcons,Warm,Light Cloud,Still,78,T_1,3,2
1382888,1,undetermined,1 - 20 m (poles / low tree height),-34.35836412,136.0979473,Tumby Bay,"12/15/2023, 10:54 AM",large tree,unspecified,unspecified,221,Australian Hobby,falcons,Warm,Light Cloud,Still,78,T_1,3,2
1398090,1,undetermined,1 - 20 m (poles / low tree height),-35.56736659,138.6093107,Victor Harbour,"2/20/2024, 9:30 AM",large tree,unspecified,just perching,53,Black-shouldered Kite,kites&others,Cool,Overcast,Still,79,VH_1,4,2
1398088,1,undetermined,1 - 20 m (poles / low tree height),-35.49838057,138.5802918,Victor Harbour,"2/20/2024, 11:09 AM",unspecified,flapping,unspecified,200,Black-shouldered Kite,kites&others,Cool,Overcast,Still,80,VH_2,4,2
1398089,1,undetermined,1 - 20 m (poles / low tree height),-35.51024894,138.594519,Victor Harbour,"2/20/2024, 11:04 AM",large tree,unspecified,unspecified,242,Nankeen Kestrel,kesrels,Cool,Overcast,Still,80,VH_2,4,2
1398082,1,undetermined,1 - 20 m (poles / low tree height),-35.48208255,138.7594622,Victor Harbour,"2/20/2024, 12:21 PM",unspecified,hovering,unspecified,938,Nankeen Kestrel,kesrels,Mild,Overcast,Breeze,81,VH_3,4,2
1398083,1,undetermined,20 - 50 m (pylons / tall tree height),-35.48778828,138.7356141,Victor Harbour,"2/20/2024, 12:18 PM",unspecified,soaring,unspecified,2732,Wedge-tailed Eagle,eagles,Mild,Overcast,Breeze,81,VH_3,4,2
1398084,1,undetermined,20 - 50 m (pylons / tall tree height),-35.49425458,138.7519613,Victor Harbour,"2/20/2024, 12:17 PM",unspecified,gliding and flapping (directional flight),unspecified,1115,Whistling Kite,kites&others,Mild,Overcast,Breeze,81,VH_3,4,2
1398085,1,undetermined,20 - 50 m (pylons / tall tree height),-35.49860995,138.7577462,Victor Harbour,"2/20/2024, 12:15 PM",unspecified,soaring,unspecified,659,Wedge-tailed Eagle,eagles,Mild,Overcast,Breeze,81,VH_3,4,2
1398086,1,undetermined,20 - 50 m (pylons / tall tree height),-35.5008232,138.7672137,Victor Harbour,"2/20/2024, 12:12 PM",unspecified,gliding and flapping (directional flight),unspecified,267,Black-shouldered Kite,kites&others,Mild,Overcast,Breeze,81,VH_3,4,2
1398087,1,undetermined,1 - 20 m (poles / low tree height),-35.50754081,138.7062269,Victor Harbour,"2/20/2024, 11:57 AM",unspecified,soaring,unspecified,234,Nankeen Kestrel,kesrels,Mild,Overcast,Breeze,81,VH_3,4,2
1418089,1,undetermined,1 - 20 m (poles / low tree height),-35.36585791,139.0032238,Strathalbyn,"2/21/2024, 9:34 AM",small tree,unspecified,unspecified,21,Black-shouldered Kite,kites&others,Mild,Clear,Still,82,S_3,4,2
1418090,1,undetermined,1 - 20 m (poles / low tree height),-35.3653967,138.9928813,Strathalbyn,"2/21/2024, 9:31 AM",overhead lines,unspecified,unspecified,29,Brown Falcon,falcons,Mild,Clear,Still,82,S_3,4,2
1418091,1,undetermined,1 - 20 m (poles / low tree height),-35.35793072,138.9636693,Strathalbyn,"2/21/2024, 9:24 AM",unspecified,flapping,unspecified,605,Brown Falcon,falcons,Mild,Clear,Still,82,S_3,4,2
1418092,1,undetermined,1 - 20 m (poles / low tree height),-35.3291938,138.9247487,Strathalbyn,"2/21/2024, 9:11 AM",small tree,unspecified,unspecified,35,Black-shouldered Kite,kites&others,Mild,Clear,Still,82,S_3,4,2
1418093,1,undetermined,1 - 20 m (poles / low tree height),-35.31124447,138.919112,Strathalbyn,"2/21/2024, 9:05 AM",large tree,unspecified,unspecified,308,Brown Falcon,falcons,Mild,Clear,Still,82,S_3,4,2
1418094,1,undetermined,1 - 20 m (poles / low tree height),-35.31227998,138.9211167,Strathalbyn,"2/21/2024, 9:01 AM",unspecified,flapping,unspecified,423,Black-shouldered Kite,kites&others,Mild,Clear,Still,82,S_3,4,2
1418088,1,undetermined,1 - 20 m (poles / low tree height),-35.2143848,138.7978004,Strathalbyn,"2/21/2024, 10:15 AM",unspecified,gliding,unspecified,45,Australian Hobby,falcons,Hot,Clear,Breeze,83,S_1,4,2
1418087,2,undetermined,50 - 150 m (at risk colliding with turbines),-35.08667313,138.6259829,South Adelaide,"2/22/2024, 11:12 AM",unspecified,soaring,unspecified,749,Wedge-tailed Eagle,eagles,Warm,Clear,Breeze,86,SA_2,4,2
1418085,1,undetermined,1 - 20 m (poles / low tree height),-34.72827122,138.6239504,North Adelaide,"2/23/2024, 12:31 PM",unspecified,hovering,unspecified,393,Nankeen Kestrel,kesrels,Mild,Overcast,Breeze,90,NA_3,4,2
1418086,1,undetermined,1 - 20 m (poles / low tree height),-34.76138461,138.6194878,North Adelaide,"2/23/2024, 12:13 PM",overhead lines,unspecified,unspecified,63,Black-shouldered Kite,kites&others,Mild,Overcast,Breeze,90,NA_3,4,2
1401727,1,undetermined,1 - 20 m (poles / low tree height),-34.33338786,138.9838883,Nuriootpa,"2/25/2024, 9:59 AM",fence post,unspecified,just perching,293,Nankeen Kestrel,kesrels,Cool,Clear,Still,91,N_3,4,2
1401728,1,undetermined,1 - 20 m (poles / low tree height),-34.35766096,138.999255,Nuriootpa,"2/25/2024, 9:49 AM",unspecified,hovering,unspecified,342,Nankeen Kestrel,kesrels,Cool,Clear,Still,91,N_3,4,2
1401729,1,undetermined,1 - 20 m (poles / low tree height),-34.37370716,138.9936341,Nuriootpa,"2/25/2024, 9:41 AM",unspecified,hovering,unspecified,220,Nankeen Kestrel,kesrels,Cool,Clear,Still,91,N_3,4,2
1401730,1,undetermined,20 - 50 m (pylons / tall tree height),-34.40659506,138.9871176,Nuriootpa,"2/25/2024, 9:27 AM",unspecified,gliding,unspecified,230,Brown Falcon,falcons,Cool,Clear,Still,91,N_3,4,2
1401731,1,undetermined,20 - 50 m (pylons / tall tree height),-34.43714694,138.9696649,Nuriootpa,"2/25/2024, 9:08 AM",overhead lines,unspecified,just perching,202,Nankeen Kestrel,kesrels,Cool,Clear,Still,91,N_3,4,2
1401720,1,undetermined,20 - 50 m (pylons / tall tree height),-33.70376887,138.6434702,Clare,"2/26/2024, 9:29 AM",unspecified,soaring,unspecified,598,Little Eagle,eagles,Cool,Overcast,Wind,94,C_1,4,2
1401721,1,undetermined,20 - 50 m (pylons / tall tree height),-33.7036383,138.6433382,Clare,"2/26/2024, 9:28 AM",unspecified,soaring,unspecified,582,Little Eagle,eagles,Cool,Overcast,Wind,94,C_1,4,2
1401722,1,undetermined,1 - 20 m (poles / low tree height),-33.71976635,138.6508705,Clare,"2/26/2024, 9:06 AM",fence post,unspecified,just perching,86,Australian Hobby,falcons,Cool,Overcast,Wind,94,C_1,4,2
1401723,1,undetermined,20 - 50 m (pylons / tall tree height),-33.72347616,138.6527999,Clare,"2/26/2024, 8:59 AM",unspecified,hovering,unspecified,138,Black-shouldered Kite,kites&others,Cool,Overcast,Wind,94,C_1,4,2
1401724,1,undetermined,1 - 20 m (poles / low tree height),-33.77610088,138.6268255,Clare,"2/26/2024, 8:43 AM",unspecified,flapping,unspecified,59,Black-shouldered Kite,kites&others,Cool,Overcast,Wind,94,C_1,4,2
1401725,1,undetermined,1 - 20 m (poles / low tree height),-33.77615361,138.6267676,Clare,"2/26/2024, 8:42 AM",unspecified,hovering,unspecified,52,Black-shouldered Kite,kites&others,Cool,Overcast,Wind,94,C_1,4,2
1401726,1,undetermined,20 - 50 m (pylons / tall tree height),-33.78893613,138.6296582,Clare,"2/26/2024, 8:34 AM",unspecified,gliding and flapping (directional flight),unspecified,46,Black-shouldered Kite,kites&others,Cool,Overcast,Wind,94,C_1,4,2
1401717,1,undetermined,20 - 50 m (pylons / tall tree height),-33.90029725,138.6678231,Clare,"2/26/2024, 10:39 AM",large tree,unspecified,just perching,57,Black-shouldered Kite,kites&others,Cool,Overcast,Wind,95,C_2,4,2
1401718,1,undetermined,20 - 50 m (pylons / tall tree height),-33.87636933,138.6428935,Clare,"2/26/2024, 10:25 AM",overhead lines,unspecified,just perching,78,Nankeen Kestrel,kesrels,Cool,Overcast,Wind,95,C_2,4,2
1401716,1,undetermined,20 - 50 m (pylons / tall tree height),-33.80979584,138.5870944,Clare,"2/26/2024, 12:14 PM",unspecified,soaring,unspecified,206,Brown Falcon,falcons,Cool,Overcast,Breeze,96,C_3,4,2
1401712,1,undetermined,1 - 20 m (poles / low tree height),-32.44821639,137.8486665,Port Augusta,"2/27/2024, 8:18 AM",small tree,unspecified,just perching,43,Brown Falcon,falcons,Cool,Clear,Still,97,PA_2,4,2
1401713,1,undetermined,1 - 20 m (poles / low tree height),-32.46727469,137.8409143,Port Augusta,"2/27/2024, 8:10 AM",fence post,unspecified,just perching,49,Nankeen Kestrel,kesrels,Cool,Clear,Still,97,PA_2,4,2
1401714,1,undetermined,1 - 20 m (poles / low tree height),-32.4795842,137.8186336,Port Augusta,"2/27/2024, 7:55 AM",small tree,unspecified,just perching,106,Brown Falcon,falcons,Cool,Clear,Still,97,PA_2,4,2
1401715,1,undetermined,1 - 20 m (poles / low tree height),-32.48329091,137.80505,Port Augusta,"2/27/2024, 7:45 AM",small tree,unspecified,just perching,15,Brown Falcon,falcons,Cool,Clear,Still,97,PA_2,4,2
1401707,1,undetermined,1 - 20 m (poles / low tree height),-32.40565922,137.7348928,Port Augusta,"2/27/2024, 9:42 AM",small tree,unspecified,just perching,25,Nankeen Kestrel,kesrels,Warm,Clear,Still,98,PA_3,4,2
1401708,1,undetermined,20 - 50 m (pylons / tall tree height),-32.45391779,137.7220633,Port Augusta,"2/27/2024, 9:29 AM",overhead lines,unspecified,just perching,34,Nankeen Kestrel,kesrels,Warm,Clear,Still,98,PA_3,4,2
1401709,1,undetermined,20 - 50 m (pylons / tall tree height),-32.46496238,137.732904,Port Augusta,"2/27/2024, 9:25 AM",unspecified,flapping,unspecified,374,Black-shouldered Kite,kites&others,Warm,Clear,Still,98,PA_3,4,2
1401710,1,undetermined,1 - 20 m (poles / low tree height),-32.46776623,137.7390752,Port Augusta,"2/27/2024, 9:22 AM",small tree,unspecified,just perching,122,Black-shouldered Kite,kites&others,Warm,Clear,Still,98,PA_3,4,2
1401711,1,undetermined,20 - 50 m (pylons / tall tree height),-32.48644765,137.7641089,Port Augusta,"2/27/2024, 9:16 AM",utility pole,unspecified,just perching,631,Black-shouldered Kite,kites&others,Warm,Clear,Still,98,PA_3,4,2
1401706,1,undetermined,20 - 50 m (pylons / tall tree height),-32.52931992,137.7380064,Port Augusta,"2/27/2024, 10:30 AM",overhead lines,unspecified,just perching,39,Nankeen Kestrel,kesrels,Hot,Clear,Still,99,PA_1,4,2
1401704,1,undetermined,1 - 20 m (poles / low tree height),-34.79143861,135.8005326,Port Lincoln,"2/28/2024, 9:08 AM",small tree,unspecified,just perching,25,Black-shouldered Kite,kites&others,Cool,Overcast,Wind,100,PL_3,4,2
1401705,1,undetermined,1 - 20 m (poles / low tree height),-34.72644661,135.8697576,Port Lincoln,"2/28/2024, 8:46 AM",unspecified,soaring,unspecified,34,Black-shouldered Kite,kites&others,Cool,Overcast,Wind,100,PL_3,4,2
1401700,1,undetermined,50 - 150 m (at risk colliding with turbines),-34.63376288,135.8285849,Port Lincoln,"2/28/2024, 10:36 AM",unspecified,soaring,unspecified,469,Wedge-tailed Eagle,eagles,Cool,Light Cloud,Wind,101,PL_1,4,2
1401701,1,undetermined,20 - 50 m (pylons / tall tree height),-34.70611824,135.8163193,Port Lincoln,"2/28/2024, 10:13 AM",unspecified,gliding and flapping (directional flight),unspecified,283,Whistling Kite,kites&others,Cool,Light Cloud,Wind,101,PL_1,4,2
1401702,1,undetermined,50 - 150 m (at risk colliding with turbines),-34.70428514,135.8141942,Port Lincoln,"2/28/2024, 10:12 AM",unspecified,soaring,unspecified,199,Wedge-tailed Eagle,eagles,Cool,Light Cloud,Wind,101,PL_1,4,2
1401703,1,undetermined,50 - 150 m (at risk colliding with turbines),-34.7049394,135.8139384,Port Lincoln,"2/28/2024, 10:11 AM",unspecified,soaring,unspecified,256,Wedge-tailed Eagle,eagles,Cool,Light Cloud,Wind,101,PL_1,4,2
1401697,1,undetermined,20 - 50 m (pylons / tall tree height),-34.69781214,135.7854645,Port Lincoln,"2/29/2024, 8:59 AM",utility pole,unspecified,just perching,111,Peregrine Falcon ,falcons,Cool,Overcast,Breeze,103,PL_2,4,2
1401698,1,undetermined,20 - 50 m (pylons / tall tree height),-34.70531045,135.7928544,Port Lincoln,"2/29/2024, 8:54 AM",unspecified,hovering,unspecified,280,Black-shouldered Kite,kites&others,Cool,Overcast,Breeze,103,PL_2,4,2
1401694,1,undetermined,1 - 20 m (poles / low tree height),-34.67502339,135.8034244,Port Lincoln,"2/29/2024, 10:32 AM",small tree,unspecified,just perching,130,Black-shouldered Kite,kites&others,Cool,Overcast,Breeze,104,PL_1,4,2
1401695,1,undetermined,1 - 20 m (poles / low tree height),-34.67486243,135.8035431,Port Lincoln,"2/29/2024, 10:31 AM",small tree,unspecified,just perching,135,Black-shouldered Kite,kites&others,Cool,Overcast,Breeze,104,PL_1,4,2
1401696,1,undetermined,1 - 20 m (poles / low tree height),-34.68391387,135.8041734,Port Lincoln,"2/29/2024, 10:24 AM",overhead lines,unspecified,just perching,23,Nankeen Kestrel,kesrels,Cool,Overcast,Breeze,104,PL_1,4,2
1401690,1,undetermined,1 - 20 m (poles / low tree height),-34.36415566,136.0176147,Tumby Bay,"3/1/2024, 8:55 AM",unspecified,flapping,unspecified,173,Brown Falcon,falcons,Cool,Overcast,Still,106,T_2,4,2
1401691,1,undetermined,1 - 20 m (poles / low tree height),-34.3639597,136.0188102,Tumby Bay,"3/1/2024, 8:54 AM",small tree,unspecified,just perching,110,Nankeen Kestrel,kesrels,Cool,Overcast,Still,106,T_2,4,2
1401692,1,undetermined,1 - 20 m (poles / low tree height),-34.36584806,136.0518859,Tumby Bay,"3/1/2024, 8:40 AM",fence post,unspecified,just perching,73,Nankeen Kestrel,kesrels,Cool,Overcast,Still,106,T_2,4,2
1401693,1,undetermined,1 - 20 m (poles / low tree height),-34.37079206,136.0765122,Tumby Bay,"3/1/2024, 8:30 AM",building,unspecified,just perching,14,Black-shouldered Kite,kites&others,Cool,Overcast,Still,106,T_2,4,2
1401686,1,undetermined,50 - 150 m (at risk colliding with turbines),-34.44665191,136.0149696,Tumby Bay,"3/1/2024, 10:55 AM",unspecified,soaring,unspecified,527,Wedge-tailed Eagle,eagles,Warm,Overcast,Still,107,T_3,4,2
1401687,1,undetermined,20 - 50 m (pylons / tall tree height),-34.45240427,136.0194169,Tumby Bay,"3/1/2024, 10:51 AM",large tree,unspecified,just perching,269,Peregrine Falcon ,falcons,Warm,Overcast,Still,107,T_3,4,2
1401688,1,undetermined,1 - 20 m (poles / low tree height),-34.40286127,136.083695,Tumby Bay,"3/1/2024, 10:07 AM",small tree,unspecified,just perching,27,Brown Falcon,falcons,Warm,Overcast,Still,107,T_3,4,2
1401689,1,undetermined,20 - 50 m (pylons / tall tree height),-34.40053829,136.0798111,Tumby Bay,"3/1/2024, 10:04 AM",overhead lines,unspecified,just perching,360,Brown Falcon,falcons,Warm,Overcast,Still,107,T_3,4,2
1401682,1,undetermined,1 - 20 m (poles / low tree height),-34.29977766,136.2037409,Tumby Bay,"3/1/2024, 1:11 PM",fence post,unspecified,just perching,290,Black Falcon,falcons,Warm,Light Cloud,Breeze,108,T_1,4,2
1401683,1,undetermined,1 - 20 m (poles / low tree height),-34.3117609,136.1804033,Tumby Bay,"3/1/2024, 12:50 PM",fence post,unspecified,resting,45,Nankeen Kestrel,kesrels,Warm,Light Cloud,Breeze,108,T_1,4,2
1401684,1,undetermined,1 - 20 m (poles / low tree height),-34.32226366,136.1661655,Tumby Bay,"3/1/2024, 12:43 PM",small tree,unspecified,just perching,58,Brown Falcon,falcons,Warm,Light Cloud,Breeze,108,T_1,4,2
1401685,1,undetermined,1 - 20 m (poles / low tree height),-34.32348878,136.1376779,Tumby Bay,"3/1/2024, 12:31 PM",shrub,unspecified,resting,19,Nankeen Kestrel,kesrels,Warm,Light Cloud,Breeze,108,T_1,4,2
